Encoding_dim,threshold,epoch,bottleneck,layer,precision,recall,f1,time
32,319000,30,True,1,0.740506329113924,0.31451612903225806,0.44150943396226416,14.282354354858398
